STATN	STNCODE	MONTH	DEPH	TEMP:mean	TEMP:std	TEMP:number_of_values	SALT:mean	SALT:std	SALT:number_of_values	DOXY:mean	DOXY:std	DOXY:number_of_values	O2SAT:mean	O2SAT:std	O2SAT:number_of_values	H2S:mean	H2S:std	H2S:number_of_values	PHOS:mean	PHOS:std	PHOS:number_of_values	DIN:mean	DIN:std	DIN:number_of_values	SIO3-SI:mean	SIO3-SI:std	SIO3-SI:number_of_values	NTRI:mean	NTRI:std	NTRI:number_of_values	NTRA:mean	NTRA:std	NTRA:number_of_values	NTRZ:mean	NTRZ:std	NTRZ:number_of_values	AMON:mean	AMON:std	AMON:number_of_values	PTOT:mean	PTOT:std	PTOT:number_of_values	NTOT:mean	NTOT:std	NTOT:number_of_values	CPHL:mean	CPHL:std	CPHL:number_of_values	SECCHI:mean	SECCHI:std	SECCHI:number_of_values	ALKY:mean	ALKY:std	ALKY:number_of_values	PH:mean	PH:std	PH:number_of_values	HUMUS:mean	HUMUS:std	HUMUS:number_of_values
Å17	SKEX18	1	0.0	5.026	2.225	16	32.042	2.226	16	7.051	0.375	14	98.979	0.856	14	nan	nan	0	0.481	0.069	15	5.545	1.025	15	4.267	1.327	15	0.179	0.319	15	5.197	1.013	15	5.377	0.979	15	0.242	0.173	15	0.662	0.13	15	13.92	1.639	15	1.067	1.837	15	nan	nan	1	2.251	0.043	9	8.15	0.047	9	nan	nan	1
Å17	SKEX18	1	5.0	5.172	2.122	17	32.144	2.168	17	7.126	0.461	17	98.578	1.348	17	nan	nan	0	0.494	0.076	17	5.591	1.006	17	4.547	1.692	17	0.179	0.297	17	5.272	1.011	16	5.465	0.965	17	0.206	0.147	16	0.701	0.123	16	13.682	1.634	17	1.041	1.683	17	nan	nan	1	2.242	0.053	8	8.144	0.048	10	nan	nan	1
Å17	SKEX18	1	10.0	5.432	1.937	17	32.634	1.739	17	7.044	0.441	17	98.612	1.109	17	nan	nan	0	0.496	0.073	17	5.635	0.947	17	4.359	1.359	17	0.23	0.511	17	5.259	1.033	16	5.502	0.882	17	0.213	0.165	16	0.688	0.149	17	13.171	1.525	17	0.935	1.445	17	nan	nan	1	2.259	0.044	9	8.14	0.045	10	nan	nan	1
Å17	SKEX18	1	15.0	5.942	1.737	17	33.237	1.185	17	6.876	0.313	16	98.257	1.222	16	nan	nan	0	0.506	0.063	16	5.753	0.731	17	4.294	1.243	17	0.206	0.47	17	5.443	0.92	16	5.652	0.694	17	0.179	0.122	16	0.676	0.15	17	12.947	1.451	17	0.576	0.489	17	nan	nan	1	2.274	0.033	8	8.135	0.04	10	nan	nan	1
Å17	SKEX18	1	20.0	6.396	1.307	17	33.521	0.986	17	6.739	0.283	17	97.423	1.997	17	nan	nan	0	0.517	0.065	17	5.731	0.934	17	4.147	1.134	17	0.194	0.459	17	5.301	1.069	14	5.649	0.909	17	0.163	0.115	16	0.676	0.134	16	12.606	1.243	17	0.435	0.261	17	nan	nan	1	2.287	0.031	9	8.135	0.045	10	nan	nan	1
Å17	SKEX18	1	30.0	7.062	1.104	17	34.112	0.604	17	6.515	0.298	17	96.506	3.186	17	nan	nan	0	0.538	0.071	17	6.088	1.212	17	4.012	1.036	17	0.165	0.426	17	5.621	1.247	14	6.029	1.194	17	0.15	0.084	16	0.666	0.121	17	12.388	1.129	17	0.321	0.17	14	nan	nan	1	2.298	0.014	9	8.121	0.04	10	nan	nan	1
Å17	SKEX18	1	40.0	7.799	1.117	17	34.529	0.451	17	6.342	0.279	17	95.451	2.909	17	nan	nan	0	0.559	0.057	17	6.416	1.34	17	3.865	0.954	17	0.179	0.483	17	5.859	1.619	11	6.358	1.343	17	0.15	0.083	16	0.696	0.15	15	12.306	1.237	17	0.257	0.15	14	nan	nan	1	2.31	0.011	9	8.122	0.044	10	nan	nan	1
Å17	SKEX18	1	50.0	7.866	0.933	17	34.707	0.348	17	6.384	0.274	16	96.102	2.766	16	nan	nan	0	0.572	0.058	17	6.588	1.462	17	3.724	0.785	17	0.156	0.442	17	6.037	1.754	10	6.524	1.476	17	0.152	0.082	16	0.693	0.136	16	12.512	1.536	17	0.25	0.145	14	nan	nan	1	2.307	0.009	9	8.119	0.048	10	nan	nan	1
Å17	SKEX18	1	75.0	8.009	0.648	17	34.902	0.192	17	6.223	0.345	16	94.357	4.448	16	nan	nan	0	0.589	0.066	17	6.836	1.771	17	3.594	0.526	17	0.132	0.407	17	6.134	1.891	10	6.8	1.752	17	0.138	0.063	16	0.674	0.142	16	12.582	2.129	17	nan	nan	0	nan	nan	1	2.313	0.018	9	8.123	0.049	10	nan	nan	1
Å17	SKEX18	1	100.0	8.022	0.677	17	34.973	0.185	17	6.187	0.415	15	93.408	5.401	15	nan	nan	0	0.638	0.084	16	7.651	2.144	16	3.825	0.601	16	0.129	0.398	16	6.634	2.293	8	7.621	2.14	16	0.128	0.065	15	0.772	0.155	14	13.375	2.017	16	nan	nan	0	nan	nan	1	2.31	0.008	7	8.118	0.056	9	nan	nan	1
Å17	SKEX18	1	125.0	8.018	0.668	17	35.035	0.137	17	6.111	0.432	15	92.585	5.683	15	nan	nan	0	0.67	0.083	16	8.232	2.109	16	3.95	0.654	16	0.128	0.383	16	6.546	2.257	7	8.183	2.114	16	0.133	0.072	15	0.771	0.135	11	13.631	1.678	16	nan	nan	0	nan	nan	1	2.313	0.012	9	8.111	0.045	10	nan	nan	1
Å17	SKEX18	1	150.0	8.005	0.642	17	35.077	0.121	17	6.01	0.481	16	90.887	6.472	16	nan	nan	0	0.697	0.101	16	8.891	2.162	16	4.15	0.774	16	0.129	0.393	16	7.951	2.877	8	8.849	2.168	16	0.128	0.074	15	0.809	0.162	13	14.069	1.987	16	nan	nan	0	nan	nan	1	2.313	0.011	9	8.109	0.049	10	nan	nan	1
Å17	SKEX18	1	200.0	7.836	0.501	17	35.114	0.117	17	6.108	0.465	17	92.172	6.758	17	nan	nan	0	0.726	0.113	17	9.237	2.444	17	4.3	0.906	17	0.123	0.32	17	8.928	2.936	12	9.189	2.43	17	0.138	0.071	16	0.844	0.142	13	14.106	1.861	16	nan	nan	0	nan	nan	1	2.314	0.017	9	8.106	0.049	10	nan	nan	1
Å17	SKEX18	1	300.0	7.419	0.455	17	35.176	0.058	17	5.828	0.417	16	87.003	6.526	16	nan	nan	0	0.879	0.111	17	11.175	1.502	17	5.782	1.363	17	0.074	0.036	17	11.037	1.435	17	11.111	1.447	17	0.155	0.073	16	0.959	0.132	12	16.106	1.406	17	nan	nan	0	nan	nan	1	2.318	0.006	9	8.075	0.052	10	nan	nan	1
Å17	SKEX18	2	0.0	3.542	1.841	22	29.661	3.967	21	7.725	0.738	22	101.232	3.422	21	nan	nan	0	0.436	0.16	22	5.638	2.912	22	5.259	2.784	22	0.13	0.108	22	6.574	1.569	18	5.528	2.912	22	0.174	0.132	22	0.759	0.158	22	16.627	3.538	22	3.045	4.869	22	nan	nan	1	2.176	0.089	12	8.163	0.1	13	nan	nan	0
Å17	SKEX18	2	5.0	3.634	1.742	22	30.531	3.476	22	7.623	0.639	22	100.973	2.859	22	nan	nan	0	0.455	0.156	22	5.941	2.642	22	5.268	2.499	22	0.14	0.109	22	6.647	1.402	19	5.89	2.64	22	0.153	0.129	21	0.745	0.111	22	15.755	2.161	22	2.327	3.687	22	nan	nan	1	2.228	0.06	12	8.151	0.089	13	nan	nan	0
Å17	SKEX18	2	10.0	4.259	1.302	22	31.473	2.944	22	7.401	0.384	22	100.089	2.481	22	nan	nan	0	0.474	0.126	22	6.239	2.134	22	4.968	2.193	22	0.126	0.087	22	6.296	1.7	21	6.139	2.124	22	0.179	0.127	22	0.76	0.125	22	15.75	2.547	22	2.267	4.078	21	nan	nan	1	2.23	0.071	12	8.139	0.051	13	nan	nan	0
Å17	SKEX18	2	15.0	5.105	1.054	22	33.001	1.347	22	7.084	0.268	21	99.107	1.599	21	nan	nan	0	0.525	0.053	21	6.841	1.17	21	4.843	1.306	21	0.1	0.048	21	6.568	1.177	21	6.668	1.169	21	0.235	0.233	21	0.728	0.091	21	14.79	1.609	21	1.195	1.598	21	nan	nan	1	2.273	0.034	13	8.132	0.036	12	nan	nan	0
Å17	SKEX18	2	20.0	5.614	0.976	22	33.466	1.045	22	6.902	0.297	21	98.145	2.026	21	nan	nan	0	0.536	0.056	21	7.035	1.331	21	4.729	1.214	21	0.081	0.037	21	6.765	1.276	20	6.923	1.296	21	0.179	0.11	21	0.703	0.086	21	14.314	1.649	21	0.762	0.706	21	nan	nan	1	2.288	0.024	12	8.129	0.032	12	nan	nan	0
Å17	SKEX18	2	30.0	6.726	0.856	22	34.154	0.761	22	6.61	0.275	22	96.553	2.133	22	nan	nan	0	0.563	0.058	22	7.26	1.242	22	4.318	1.152	22	0.051	0.042	22	7.098	1.28	17	7.171	1.204	22	0.169	0.107	22	0.712	0.08	22	13.709	1.653	22	0.333	0.302	18	nan	nan	1	2.3	0.019	13	8.122	0.033	13	nan	nan	0
Å17	SKEX18	2	40.0	7.132	0.78	22	34.555	0.417	22	6.503	0.246	22	96.256	1.997	22	nan	nan	0	0.589	0.057	22	7.498	1.098	22	4.064	0.774	22	0.047	0.044	22	7.288	1.1	17	7.428	1.066	22	0.154	0.076	21	0.728	0.099	21	13.727	1.722	22	0.306	0.319	18	nan	nan	1	2.312	0.012	13	8.115	0.033	13	nan	nan	0
Å17	SKEX18	2	50.0	7.393	0.685	22	34.797	0.221	22	6.359	0.193	22	94.982	2.246	22	nan	nan	0	0.611	0.059	22	7.848	1.135	22	3.918	0.658	22	0.036	0.027	22	7.566	1.102	16	7.771	1.094	22	0.155	0.074	22	0.734	0.094	21	13.3	1.288	22	0.222	0.232	18	nan	nan	1	2.313	0.011	12	8.111	0.032	13	nan	nan	0
Å17	SKEX18	2	75.0	7.593	0.705	22	34.976	0.13	22	6.261	0.193	20	94.034	2.642	20	nan	nan	0	0.649	0.064	22	8.509	1.311	22	3.991	0.582	22	0.035	0.03	22	8.303	1.155	16	8.43	1.271	22	0.161	0.09	22	0.744	0.098	21	13.95	1.504	22	nan	nan	0	nan	nan	1	2.314	0.013	12	8.102	0.038	13	nan	nan	0
Å17	SKEX18	2	100.0	7.53	0.777	22	35.012	0.113	22	6.336	0.237	19	94.857	2.404	19	nan	nan	0	0.651	0.049	20	8.576	1.059	20	3.92	0.442	20	0.041	0.047	20	8.407	1.072	15	8.513	1.024	20	0.154	0.076	20	0.769	0.119	18	13.98	1.32	20	nan	nan	0	nan	nan	1	2.316	0.013	12	8.105	0.036	13	nan	nan	0
Å17	SKEX18	2	125.0	7.37	0.799	22	35.049	0.094	22	6.356	0.272	21	94.731	3.149	21	nan	nan	0	0.663	0.064	22	8.738	1.211	22	3.995	0.5	22	0.038	0.037	22	8.593	1.137	17	8.655	1.191	22	0.163	0.108	22	0.793	0.139	20	13.9	1.112	22	nan	nan	0	nan	nan	1	2.313	0.015	13	8.101	0.038	13	nan	nan	0
Å17	SKEX18	2	150.0	7.274	0.82	22	35.067	0.095	22	6.34	0.246	21	94.545	3.187	21	nan	nan	0	0.673	0.061	22	8.891	1.176	22	4.0	0.532	22	0.048	0.07	22	8.439	1.197	14	8.809	1.183	22	0.171	0.121	22	0.781	0.131	20	14.218	1.783	22	nan	nan	0	nan	nan	1	2.32	0.009	13	8.101	0.036	13	nan	nan	0
Å17	SKEX18	2	200.0	7.13	0.693	22	35.091	0.121	22	6.388	0.256	21	94.827	3.509	21	nan	nan	0	0.697	0.073	21	9.28	1.355	21	4.181	0.662	21	0.055	0.072	21	8.934	1.397	16	9.164	1.4	21	0.182	0.112	21	0.791	0.11	20	14.49	1.379	21	nan	nan	0	nan	nan	1	2.319	0.016	13	8.101	0.038	13	nan	nan	0
Å17	SKEX18	2	300.0	6.96	0.64	22	35.127	0.102	22	6.233	0.375	22	92.185	5.022	22	nan	nan	0	0.761	0.093	22	9.766	1.469	22	4.823	0.874	22	0.093	0.067	22	9.574	1.539	22	9.666	1.511	22	0.175	0.084	22	0.838	0.161	21	15.064	1.973	22	nan	nan	0	nan	nan	1	2.322	0.015	13	8.076	0.053	12	nan	nan	0
Å17	SKEX18	3	0.0	4.048	1.611	20	30.453	2.626	20	7.906	0.609	20	105.613	5.261	20	nan	nan	0	0.173	0.121	20	2.299	2.485	20	1.335	1.525	20	0.109	0.126	20	2.655	2.304	15	2.125	2.37	20	0.272	0.189	18	0.562	0.186	20	14.305	3.282	20	4.035	5.19	20	7.833	1.462	6	2.22	0.057	16	8.228	0.068	15	nan	nan	0
Å17	SKEX18	3	5.0	4.108	1.623	20	31.094	2.659	20	7.93	0.661	19	106.404	6.635	19	nan	nan	0	0.192	0.132	20	2.413	2.523	20	1.285	1.534	20	0.108	0.121	20	2.838	2.305	15	2.253	2.412	20	0.259	0.154	17	0.569	0.157	20	13.93	2.905	20	4.165	5.732	20	7.833	1.462	6	2.23	0.061	16	8.223	0.069	15	nan	nan	0
Å17	SKEX18	3	10.0	4.437	1.685	20	31.923	2.764	20	7.748	0.691	20	105.524	6.332	20	nan	nan	0	0.241	0.14	20	3.016	2.534	20	1.38	1.418	20	0.122	0.116	20	3.166	2.297	17	2.823	2.463	20	0.281	0.171	18	0.588	0.16	19	13.195	2.766	19	4.78	7.439	20	7.833	1.462	6	2.241	0.064	15	8.201	0.051	15	nan	nan	0
Å17	SKEX18	3	15.0	4.904	1.643	20	32.73	2.521	20	7.287	0.423	18	101.789	3.794	18	nan	nan	0	0.35	0.128	19	4.571	2.335	19	2.032	1.751	19	0.151	0.089	19	4.452	2.084	18	4.373	2.29	19	0.28	0.199	17	0.651	0.146	19	13.447	2.198	19	4.011	3.489	19	7.833	1.462	6	2.261	0.058	15	8.167	0.025	14	nan	nan	0
Å17	SKEX18	3	20.0	5.493	1.252	20	33.717	1.039	20	6.945	0.385	20	98.36	2.827	20	nan	nan	0	0.472	0.116	20	6.24	1.823	20	3.015	1.706	20	0.152	0.082	20	5.926	1.86	20	6.079	1.853	20	0.247	0.097	18	0.689	0.141	20	14.1	1.753	20	1.965	1.705	20	7.833	1.462	6	2.286	0.025	15	8.134	0.027	14	nan	nan	0
Å17	SKEX18	3	30.0	6.174	0.965	20	34.404	0.44	20	6.683	0.289	20	96.521	2.499	20	nan	nan	0	0.543	0.083	20	7.01	1.169	20	3.415	1.217	20	0.15	0.104	20	6.707	1.295	19	6.869	1.191	20	0.234	0.086	18	0.711	0.12	19	13.615	1.264	20	0.644	0.473	16	7.833	1.462	6	2.303	0.017	16	8.123	0.026	15	nan	nan	0
Å17	SKEX18	3	40.0	6.549	0.724	20	34.676	0.245	20	6.534	0.227	19	95.612	2.569	19	nan	nan	0	0.599	0.077	20	7.624	1.212	20	3.665	0.862	20	0.12	0.101	20	7.433	1.279	19	7.528	1.197	20	0.199	0.098	18	0.733	0.085	17	13.768	1.475	19	0.488	0.381	16	7.833	1.462	6	2.307	0.013	16	8.116	0.022	15	nan	nan	0
Å17	SKEX18	3	50.0	6.862	0.641	20	34.799	0.15	20	6.436	0.255	18	94.667	3.084	18	nan	nan	0	0.614	0.084	19	7.832	1.292	19	3.695	0.799	19	0.104	0.105	19	7.555	1.405	16	7.721	1.296	19	0.206	0.06	17	0.761	0.096	17	13.705	1.155	19	0.413	0.293	16	7.833	1.462	6	2.308	0.013	16	8.111	0.024	15	nan	nan	0
Å17	SKEX18	3	75.0	6.806	0.677	20	34.919	0.111	20	6.445	0.239	19	94.754	2.642	19	nan	nan	0	0.64	0.074	19	8.126	1.306	19	3.842	0.684	19	0.084	0.087	19	7.916	1.418	16	8.028	1.317	19	0.18	0.054	17	0.74	0.101	17	13.5	1.411	19	nan	nan	0	7.833	1.462	6	2.31	0.011	15	8.106	0.026	14	nan	nan	0
Å17	SKEX18	3	100.0	6.861	0.719	20	34.983	0.091	20	6.425	0.244	20	94.709	2.569	20	nan	nan	0	0.661	0.061	20	8.479	1.206	20	3.895	0.658	20	0.092	0.076	20	8.189	1.314	17	8.404	1.215	20	0.175	0.061	18	0.792	0.118	17	13.85	1.209	20	nan	nan	0	7.833	1.462	6	2.314	0.011	16	8.105	0.034	15	nan	nan	0
Å17	SKEX18	3	125.0	6.866	0.637	20	35.017	0.102	20	6.345	0.342	20	93.405	4.176	20	nan	nan	0	0.691	0.091	20	8.863	1.552	20	4.27	0.824	20	0.079	0.066	20	8.425	1.473	17	8.808	1.53	20	0.162	0.056	18	0.789	0.126	18	14.12	1.54	20	nan	nan	0	7.833	1.462	6	2.318	0.019	15	8.099	0.036	15	nan	nan	0
Å17	SKEX18	3	150.0	6.888	0.59	19	35.049	0.106	19	6.292	0.335	19	92.826	4.259	19	nan	nan	0	0.716	0.097	19	9.303	1.571	19	4.505	0.891	19	0.074	0.063	19	8.893	1.507	16	9.226	1.546	19	0.182	0.085	17	0.838	0.125	15	14.337	1.529	19	nan	nan	0	7.833	1.462	6	2.313	0.014	14	8.096	0.033	14	nan	nan	0
Å17	SKEX18	3	200.0	6.633	0.577	20	35.058	0.109	20	6.385	0.278	19	93.66	3.584	19	nan	nan	0	0.722	0.087	19	9.294	1.571	19	4.595	0.833	19	0.091	0.065	19	8.559	1.381	14	9.196	1.525	19	0.192	0.071	17	0.848	0.125	17	14.3	1.509	19	nan	nan	0	7.833	1.462	6	2.317	0.018	15	8.098	0.038	13	nan	nan	0
Å17	SKEX18	3	300.0	6.563	0.488	20	35.092	0.089	20	6.332	0.298	20	92.756	4.108	20	nan	nan	0	0.741	0.105	20	9.284	1.759	20	4.84	1.166	20	0.146	0.079	20	9.016	1.809	20	9.161	1.78	20	0.204	0.104	18	0.874	0.152	18	14.56	1.353	20	nan	nan	0	7.833	1.462	6	2.32	0.013	16	8.099	0.033	15	nan	nan	0
Å17	SKEX18	4	0.0	6.395	1.626	22	27.899	4.203	22	7.586	0.402	22	105.689	2.513	22	nan	nan	0	0.072	0.042	22	0.673	0.792	22	0.882	0.707	22	0.041	0.032	22	0.742	0.84	13	0.52	0.769	21	0.219	0.18	22	0.475	0.142	22	13.532	2.622	22	1.318	0.799	22	nan	nan	1	2.211	0.065	13	8.233	0.057	15	nan	nan	0
Å17	SKEX18	4	5.0	6.113	1.599	22	28.699	3.46	22	7.65	0.395	21	106.082	2.741	21	nan	nan	0	0.072	0.044	21	0.699	0.876	21	0.819	0.637	21	0.041	0.034	21	0.758	0.908	13	0.569	0.83	20	0.223	0.133	21	0.449	0.098	20	13.18	2.902	20	1.386	0.908	21	nan	nan	1	2.22	0.059	12	8.24	0.062	14	nan	nan	0
Å17	SKEX18	4	10.0	5.574	1.481	22	31.298	2.229	22	7.588	0.471	22	105.528	3.963	22	nan	nan	0	0.145	0.117	22	1.892	2.221	22	1.15	0.877	22	0.064	0.056	22	1.999	2.122	17	1.69	2.111	21	0.316	0.209	22	0.462	0.105	22	11.964	2.134	22	1.305	0.731	22	nan	nan	1	2.263	0.041	13	8.215	0.065	15	nan	nan	0
Å17	SKEX18	4	15.0	5.508	1.117	22	33.008	1.221	22	7.439	0.401	21	104.891	5.049	21	nan	nan	0	0.238	0.149	22	3.067	2.32	22	1.382	0.853	22	0.125	0.112	22	2.914	2.033	20	2.904	2.147	21	0.346	0.187	22	0.547	0.136	22	12.741	2.157	22	1.768	1.838	22	nan	nan	1	2.285	0.025	13	8.19	0.063	15	nan	nan	0
Å17	SKEX18	4	20.0	5.822	0.865	22	33.903	0.709	22	7.055	0.283	22	100.825	3.115	22	nan	nan	0	0.386	0.123	22	5.059	1.801	22	1.95	1.01	22	0.188	0.102	22	4.458	1.748	22	4.711	1.792	21	0.49	0.359	21	0.629	0.161	22	13.15	1.659	22	1.568	2.026	22	nan	nan	1	2.306	0.018	12	8.153	0.054	14	nan	nan	0
Å17	SKEX18	4	30.0	6.241	0.73	22	34.566	0.27	22	6.635	0.235	22	96.295	2.552	22	nan	nan	0	0.544	0.058	22	7.166	0.925	22	2.791	0.958	22	0.187	0.101	22	6.725	1.011	22	7.0	0.966	21	0.331	0.3	22	0.717	0.119	21	13.905	1.425	22	0.732	0.888	19	nan	nan	1	2.309	0.016	13	8.135	0.053	15	nan	nan	0
Å17	SKEX18	4	40.0	6.466	0.711	22	34.737	0.172	22	6.55	0.21	22	95.533	2.756	22	nan	nan	0	0.593	0.062	22	7.677	1.181	22	3.191	0.914	22	0.143	0.073	22	7.321	1.245	22	7.492	1.264	21	0.281	0.189	22	0.751	0.089	21	14.1	1.603	22	0.689	1.261	19	nan	nan	1	2.315	0.016	13	8.128	0.063	15	nan	nan	0
Å17	SKEX18	4	50.0	6.688	0.589	22	34.865	0.117	22	6.453	0.219	22	94.605	2.934	22	nan	nan	0	0.631	0.062	22	8.176	1.246	22	3.741	0.755	22	0.118	0.087	22	7.894	1.323	21	8.041	1.292	21	0.241	0.181	22	0.756	0.112	20	14.118	1.132	22	0.237	0.142	19	nan	nan	1	2.321	0.015	13	8.123	0.058	15	nan	nan	0
Å17	SKEX18	4	75.0	7.022	0.426	22	35.009	0.102	22	6.285	0.169	22	92.977	2.385	22	nan	nan	0	0.685	0.064	22	8.985	1.126	22	4.023	0.722	22	0.068	0.049	22	8.875	1.165	20	8.868	1.123	21	0.171	0.137	22	0.799	0.098	17	14.4	1.023	22	nan	nan	1	nan	nan	1	2.318	0.012	13	8.113	0.055	15	nan	nan	0
Å17	SKEX18	4	100.0	7.023	0.428	22	35.051	0.089	22	6.31	0.21	22	93.332	2.942	22	nan	nan	0	0.702	0.072	22	9.201	1.233	22	4.073	0.833	22	0.077	0.06	22	9.021	1.295	21	9.073	1.268	21	0.183	0.122	22	0.793	0.081	19	14.868	1.856	22	nan	nan	0	nan	nan	1	2.322	0.012	13	8.111	0.058	15	nan	nan	0
Å17	SKEX18	4	125.0	6.932	0.447	22	35.074	0.088	22	6.298	0.222	22	93.061	2.87	22	nan	nan	0	0.717	0.074	22	9.443	1.253	22	4.295	0.871	22	0.071	0.059	22	9.201	1.313	20	9.269	1.244	21	0.2	0.157	22	0.828	0.099	18	15.177	2.252	22	nan	nan	0	nan	nan	1	2.324	0.007	13	8.107	0.059	15	nan	nan	0
Å17	SKEX18	4	150.0	6.871	0.436	22	35.115	0.112	22	6.309	0.216	20	93.21	2.962	20	nan	nan	0	0.73	0.075	20	9.474	1.093	20	4.39	0.981	20	0.06	0.048	20	9.143	1.228	17	9.298	1.192	19	0.215	0.214	20	0.829	0.087	18	14.9	1.386	20	nan	nan	0	nan	nan	1	2.322	0.009	13	8.112	0.057	15	nan	nan	0
Å17	SKEX18	4	200.0	6.739	0.41	22	35.141	0.109	22	6.427	0.212	21	94.506	3.152	21	nan	nan	0	0.723	0.069	21	9.426	0.985	21	4.367	1.091	21	0.12	0.096	21	9.179	1.038	19	9.339	0.975	20	0.176	0.087	21	0.808	0.089	19	14.948	1.434	21	nan	nan	0	nan	nan	1	2.323	0.011	13	8.121	0.059	15	nan	nan	0
Å17	SKEX18	4	300.0	6.469	0.598	22	35.151	0.103	22	6.461	0.339	19	94.296	4.408	19	nan	nan	0	0.744	0.078	20	9.305	0.91	20	4.395	1.229	20	0.175	0.052	20	8.839	1.056	20	8.996	1.052	19	0.344	0.262	20	0.854	0.112	18	15.285	1.658	20	nan	nan	0	nan	nan	1	2.325	0.007	12	8.111	0.055	14	nan	nan	0
Å17	SKEX18	5	0.0	10.801	2.484	20	27.974	3.442	20	6.911	0.25	20	106.257	3.136	20	nan	nan	0	0.049	0.022	20	0.246	0.265	20	0.99	0.646	20	0.027	0.024	20	0.101	0.003	7	0.141	0.143	19	0.174	0.166	18	0.433	0.111	19	13.0	2.233	19	1.084	0.347	19	8.4	1.715	5	2.206	0.057	12	8.216	0.053	12	nan	nan	1
Å17	SKEX18	5	5.0	9.732	1.728	20	29.909	2.272	20	7.179	0.391	20	109.385	6.152	20	nan	nan	0	0.043	0.019	20	0.249	0.298	20	0.925	0.625	20	0.03	0.027	20	0.228	0.273	8	0.196	0.249	19	0.143	0.085	18	0.419	0.13	19	11.942	2.154	19	1.147	0.475	19	8.4	1.715	5	2.225	0.059	12	8.222	0.046	12	nan	nan	1
Å17	SKEX18	5	10.0	8.171	1.803	20	31.87	2.017	20	7.36	0.434	20	109.059	6.182	20	nan	nan	0	0.065	0.05	20	1.336	1.846	20	1.09	0.831	20	0.08	0.11	20	1.872	1.878	12	1.289	1.83	19	0.189	0.145	17	0.423	0.124	19	11.558	2.812	19	1.505	0.985	19	8.4	1.715	5	2.26	0.058	12	8.218	0.056	12	nan	nan	1
Å17	SKEX18	5	15.0	6.888	1.378	20	33.601	0.851	20	7.214	0.464	20	105.021	7.626	20	nan	nan	0	0.185	0.133	20	2.33	2.32	20	1.575	0.799	20	0.116	0.103	20	2.647	2.193	14	1.977	2.277	19	0.363	0.378	18	0.453	0.134	18	11.267	2.348	18	1.853	1.524	19	8.4	1.715	5	2.305	0.022	12	8.203	0.065	12	nan	nan	1
Å17	SKEX18	5	20.0	6.555	0.998	20	34.156	0.458	20	6.964	0.347	20	101.103	5.45	20	nan	nan	0	0.312	0.146	20	3.755	2.478	20	1.774	0.893	19	0.185	0.115	20	3.378	2.317	19	3.392	2.484	19	0.394	0.348	18	0.539	0.14	18	11.621	2.561	19	1.221	0.525	19	8.4	1.715	5	2.311	0.016	11	8.175	0.063	12	nan	nan	1
Å17	SKEX18	5	30.0	6.414	0.593	20	34.649	0.176	20	6.61	0.228	20	96.227	3.078	20	nan	nan	0	0.514	0.113	20	6.57	2.015	20	2.625	0.756	20	0.239	0.117	20	5.967	2.162	20	6.278	2.193	19	0.435	0.444	18	0.686	0.127	17	13.711	2.23	18	0.563	0.314	16	8.4	1.715	5	2.317	0.012	11	8.145	0.041	12	nan	nan	1
Å17	SKEX18	5	40.0	6.623	0.619	20	34.827	0.145	20	6.466	0.213	20	94.708	2.668	20	nan	nan	0	0.582	0.118	20	7.36	2.162	20	2.98	0.936	20	0.184	0.14	20	7.282	1.923	19	7.175	2.367	19	0.287	0.326	18	0.706	0.165	18	13.695	2.478	19	0.337	0.215	16	8.4	1.715	5	2.316	0.013	12	8.132	0.04	12	nan	nan	1
Å17	SKEX18	5	50.0	6.806	0.618	20	34.917	0.105	20	6.369	0.246	20	93.634	3.18	20	nan	nan	0	0.61	0.12	20	7.812	2.171	20	3.21	1.014	20	0.139	0.103	20	7.829	1.815	19	7.654	2.417	19	0.279	0.373	18	0.704	0.16	18	13.916	2.173	19	0.263	0.212	16	8.4	1.715	5	2.32	0.015	12	8.125	0.036	12	nan	nan	1
Å17	SKEX18	5	75.0	6.907	0.485	20	35.014	0.076	20	6.31	0.243	18	93.051	3.122	18	nan	nan	0	0.664	0.111	19	8.537	2.074	19	3.605	0.998	19	0.133	0.124	19	8.548	1.616	16	8.387	2.389	18	0.244	0.385	17	0.755	0.159	17	14.167	2.137	18	nan	nan	0	8.4	1.715	5	2.318	0.012	11	8.119	0.044	11	nan	nan	1
Å17	SKEX18	5	100.0	6.828	0.517	20	35.055	0.07	20	6.296	0.258	20	92.692	3.291	20	nan	nan	0	0.685	0.111	20	8.814	1.869	20	3.72	1.058	20	0.135	0.14	20	8.688	1.541	17	8.537	2.231	19	0.379	0.432	18	0.782	0.153	17	14.432	2.063	19	nan	nan	0	8.4	1.715	5	2.32	0.011	12	8.122	0.045	12	nan	nan	1
Å17	SKEX18	5	125.0	6.853	0.451	20	35.098	0.066	20	6.24	0.248	20	92.025	3.421	20	nan	nan	0	0.721	0.073	20	9.462	1.163	20	4.085	0.994	20	0.151	0.148	20	8.894	1.555	18	9.163	1.449	19	0.422	0.476	18	0.826	0.124	16	14.9	1.557	19	nan	nan	0	8.4	1.715	5	2.319	0.011	12	8.117	0.043	12	nan	nan	1
Å17	SKEX18	5	150.0	6.813	0.423	20	35.11	0.059	20	6.261	0.195	20	92.262	2.903	20	nan	nan	0	0.736	0.076	20	9.502	1.004	20	4.265	1.067	20	0.131	0.105	20	9.048	1.402	18	9.253	1.321	19	0.349	0.446	18	0.821	0.121	16	15.032	1.703	19	nan	nan	0	8.4	1.715	5	2.321	0.009	12	8.113	0.044	12	nan	nan	1
Å17	SKEX18	5	200.0	6.777	0.474	20	35.145	0.053	20	6.298	0.198	20	92.749	2.72	20	nan	nan	0	0.749	0.063	20	9.679	0.742	20	4.34	0.918	20	0.198	0.16	20	9.024	1.045	18	9.292	1.006	19	0.476	0.448	18	0.859	0.124	15	15.237	1.282	19	nan	nan	0	8.4	1.715	5	2.324	0.013	12	8.116	0.051	11	nan	nan	1
Å17	SKEX18	5	300.0	6.673	0.581	20	35.173	0.074	20	6.356	0.203	18	93.236	2.617	18	nan	nan	0	0.772	0.061	20	9.798	0.876	20	4.65	0.942	20	0.263	0.165	20	8.873	1.306	20	9.127	1.37	19	0.758	0.67	18	0.876	0.111	16	15.2	1.422	19	nan	nan	0	8.4	1.715	5	2.328	0.014	12	8.111	0.05	11	nan	nan	1
Å17	SKEX18	6	0.0	14.625	1.918	19	29.189	2.42	19	6.31	0.215	20	106.654	3.176	19	nan	nan	0	0.038	0.023	20	0.19	0.105	20	0.485	0.376	20	0.025	0.011	20	0.128	0.055	6	0.105	0.015	19	0.162	0.076	19	0.375	0.123	20	11.31	2.304	20	0.78	0.382	20	7.3	0.6	5	2.177	0.072	13	8.228	0.062	11	nan	nan	0
Å17	SKEX18	6	5.0	14.386	1.781	20	30.328	1.568	20	6.607	0.616	20	108.638	8.835	20	nan	nan	0	0.036	0.02	20	0.156	0.083	20	0.38	0.33	20	0.024	0.008	20	0.105	0.011	6	0.103	0.013	19	0.138	0.068	19	0.372	0.108	20	10.94	1.741	20	0.795	0.398	20	7.3	0.6	5	2.208	0.056	13	8.235	0.067	13	nan	nan	0
Å17	SKEX18	6	10.0	11.891	2.316	20	31.649	1.611	20	6.903	0.518	19	110.364	5.246	19	nan	nan	0	0.039	0.026	20	0.236	0.301	20	0.42	0.413	20	0.031	0.029	20	0.28	0.433	7	0.176	0.31	19	0.141	0.076	19	0.382	0.102	19	10.826	2.282	19	1.94	3.574	20	7.3	0.6	5	2.245	0.048	13	8.246	0.061	13	nan	nan	0
Å17	SKEX18	6	15.0	9.268	2.245	20	33.512	0.84	20	7.084	0.491	20	108.694	6.588	20	nan	nan	0	0.083	0.082	20	0.566	1.024	20	0.67	0.666	20	0.043	0.037	19	0.679	1.236	11	0.482	1.012	19	0.192	0.148	19	0.402	0.116	20	10.115	2.375	20	1.96	1.334	20	7.3	0.6	5	2.29	0.025	13	8.248	0.062	13	nan	nan	0
Å17	SKEX18	6	20.0	8.254	1.411	20	34.222	0.562	20	6.942	0.437	20	104.731	6.491	20	nan	nan	0	0.131	0.135	20	1.293	1.706	20	0.945	0.732	20	0.091	0.089	19	1.444	1.81	14	1.203	1.699	19	0.227	0.216	19	0.445	0.14	20	9.735	2.599	20	2.155	1.931	20	7.3	0.6	5	2.306	0.027	13	8.231	0.065	12	nan	nan	0
Å17	SKEX18	6	30.0	7.342	0.967	20	34.782	0.194	20	6.52	0.197	20	97.137	3.748	20	nan	nan	0	0.365	0.146	20	4.291	2.31	20	1.755	0.753	20	0.216	0.174	20	3.877	2.187	18	4.247	2.24	19	0.311	0.416	19	0.576	0.192	20	11.325	2.771	20	1.619	1.719	16	7.3	0.6	5	2.314	0.014	12	8.179	0.066	12	nan	nan	0
Å17	SKEX18	6	40.0	7.228	0.687	20	34.933	0.128	20	6.337	0.163	20	94.151	2.992	20	nan	nan	0	0.504	0.128	20	6.174	2.064	20	2.36	0.909	20	0.201	0.153	20	5.394	2.445	18	5.885	2.248	19	0.496	0.549	19	0.669	0.157	18	12.255	2.324	20	0.6	0.316	17	7.3	0.6	5	2.314	0.017	13	8.162	0.065	13	nan	nan	0
Å17	SKEX18	6	50.0	7.057	0.536	20	34.973	0.103	20	6.226	0.112	20	92.062	1.419	20	nan	nan	0	0.601	0.102	20	7.689	1.92	20	2.995	0.882	20	0.117	0.085	19	6.707	2.391	15	7.358	2.253	19	0.495	0.746	19	0.73	0.145	18	13.28	1.506	20	0.365	0.299	17	7.3	0.6	5	2.316	0.01	13	8.138	0.055	12	nan	nan	0
Å17	SKEX18	6	75.0	7.061	0.412	20	35.071	0.075	20	6.177	0.123	19	91.438	2.218	19	nan	nan	0	0.692	0.055	19	8.976	1.588	19	3.584	0.799	19	0.177	0.149	18	7.784	1.904	13	8.679	1.738	18	0.475	0.664	17	0.791	0.088	17	14.211	1.156	19	nan	nan	1	7.3	0.6	5	2.314	0.012	12	8.128	0.048	12	nan	nan	0
Å17	SKEX18	6	100.0	7.061	0.415	20	35.114	0.085	20	6.153	0.138	20	91.113	2.273	20	nan	nan	0	0.722	0.068	20	9.668	1.07	20	3.95	0.883	20	0.16	0.168	20	8.649	1.661	15	9.394	1.485	19	0.49	0.733	19	0.816	0.108	16	14.92	1.442	20	nan	nan	0	7.3	0.6	5	2.321	0.015	13	8.13	0.047	13	nan	nan	0
Å17	SKEX18	6	125.0	7.047	0.407	20	35.145	0.063	20	6.134	0.161	20	90.848	2.616	20	nan	nan	0	0.743	0.068	20	9.962	1.113	20	4.04	0.887	20	0.165	0.174	19	8.725	1.95	13	9.58	1.676	19	0.567	0.847	19	0.854	0.095	17	14.875	1.66	20	nan	nan	0	7.3	0.6	5	2.322	0.012	13	8.13	0.041	13	nan	nan	0
Å17	SKEX18	6	150.0	7.018	0.414	20	35.166	0.055	20	6.152	0.167	20	91.254	2.674	20	nan	nan	0	0.748	0.076	20	9.937	1.212	20	4.05	0.964	20	0.207	0.239	20	8.497	1.588	14	9.529	1.597	19	0.598	0.797	18	0.882	0.105	16	15.065	1.631	20	nan	nan	0	7.3	0.6	5	2.324	0.013	13	8.129	0.04	12	nan	nan	0
Å17	SKEX18	6	200.0	6.979	0.392	20	35.186	0.058	20	6.164	0.15	20	91.335	2.411	20	nan	nan	0	0.76	0.073	20	10.004	1.314	20	4.185	0.911	20	0.247	0.229	20	8.879	1.257	16	9.629	1.461	19	0.466	0.511	18	0.851	0.092	17	15.225	1.67	20	nan	nan	0	7.3	0.6	5	2.321	0.008	13	8.13	0.046	13	nan	nan	0
Å17	SKEX18	6	300.0	6.863	0.393	20	35.189	0.058	20	6.135	0.148	20	90.62	2.114	20	nan	nan	0	0.809	0.061	20	10.511	0.78	20	5.045	0.919	20	0.283	0.236	20	9.776	1.133	19	10.068	1.099	19	0.526	0.628	19	0.92	0.095	17	15.965	1.829	20	nan	nan	0	7.3	0.6	5	2.327	0.016	12	8.122	0.054	13	nan	nan	0
Å17	SKEX18	7	0.0	17.189	1.349	22	30.188	1.367	23	5.888	0.169	23	105.002	2.975	22	nan	nan	0	0.027	0.01	23	0.201	0.122	23	0.23	0.154	23	0.031	0.029	23	0.1	0.0	6	0.101	0.006	22	0.167	0.094	23	0.324	0.102	22	11.078	1.84	23	0.474	0.236	23	10.333	1.795	6	2.202	0.053	15	8.214	0.064	13	nan	nan	0
Å17	SKEX18	7	5.0	16.615	1.545	23	30.502	1.53	23	6.004	0.267	23	105.675	3.029	23	nan	nan	0	0.03	0.012	23	0.199	0.124	23	0.226	0.142	23	0.03	0.031	23	0.1	0.0	6	0.102	0.008	22	0.177	0.086	23	0.326	0.104	22	10.939	1.551	23	0.518	0.221	22	10.333	1.795	6	2.225	0.061	14	8.217	0.058	15	nan	nan	0
Å17	SKEX18	7	10.0	15.071	2.546	23	31.689	1.528	23	6.297	0.548	23	107.392	5.465	23	nan	nan	0	0.027	0.011	23	0.215	0.162	23	0.387	0.511	23	0.031	0.035	23	0.1	0.0	6	0.101	0.004	22	0.194	0.126	23	0.333	0.109	22	10.439	2.472	23	0.7	0.334	23	10.333	1.795	6	2.252	0.053	15	8.233	0.054	14	nan	nan	0
Å17	SKEX18	7	15.0	12.694	2.495	23	33.434	1.016	23	6.654	0.592	22	109.353	6.622	22	nan	nan	0	0.032	0.015	23	0.185	0.111	23	0.461	0.47	23	0.031	0.037	23	0.1	0.0	5	0.1	0.0	22	0.171	0.08	23	0.353	0.097	22	9.674	2.386	23	1.139	0.608	23	10.333	1.795	6	2.289	0.036	15	8.229	0.05	15	nan	nan	0
Å17	SKEX18	7	20.0	10.734	1.784	23	34.39	0.54	23	6.815	0.529	21	108.496	7.068	21	nan	nan	0	0.055	0.039	22	0.241	0.161	22	0.659	0.794	22	0.041	0.044	22	0.206	0.148	8	0.153	0.13	21	0.158	0.065	22	0.371	0.099	21	8.659	1.725	22	1.673	0.962	22	10.333	1.795	6	2.311	0.038	14	8.223	0.05	13	nan	nan	0
Å17	SKEX18	7	30.0	8.592	1.025	23	34.874	0.207	23	6.43	0.422	22	98.239	7.142	22	nan	nan	0	0.254	0.161	23	2.596	2.05	23	1.383	0.691	23	0.124	0.122	23	2.686	1.942	19	2.458	2.085	22	0.301	0.213	23	0.494	0.151	20	10.018	2.051	22	2.28	4.647	20	10.333	1.795	6	2.325	0.036	14	8.173	0.063	15	nan	nan	0
Å17	SKEX18	7	40.0	8.057	0.79	23	34.996	0.157	23	6.136	0.275	23	92.801	4.784	23	nan	nan	0	0.428	0.198	23	4.981	3.026	23	2.174	0.895	23	0.147	0.125	22	4.733	3.032	20	4.885	2.973	22	0.339	0.292	23	0.578	0.146	20	11.539	2.71	23	0.589	0.442	19	10.333	1.795	6	2.328	0.03	15	8.137	0.054	14	nan	nan	0
Å17	SKEX18	7	50.0	7.607	0.598	23	35.04	0.136	23	6.057	0.186	22	90.792	3.061	22	nan	nan	0	0.547	0.153	23	6.719	2.652	23	2.726	0.894	23	0.143	0.138	23	6.486	2.608	20	6.689	2.576	22	0.32	0.263	23	0.675	0.132	19	13.091	2.752	23	0.326	0.257	19	10.333	1.795	6	2.337	0.042	15	8.129	0.048	15	nan	nan	0
Å17	SKEX18	7	75.0	7.423	0.391	23	35.123	0.093	23	6.002	0.146	22	89.605	1.844	22	nan	nan	0	0.672	0.105	23	8.969	1.844	23	3.335	0.66	23	0.155	0.137	23	8.128	2.375	20	8.428	2.263	22	0.583	0.796	22	0.754	0.128	19	14.539	2.326	23	nan	nan	1	10.333	1.795	6	2.332	0.034	15	8.116	0.041	15	nan	nan	0
Å17	SKEX18	7	100.0	7.242	0.357	23	35.148	0.089	23	5.935	0.28	22	88.188	4.004	22	nan	nan	0	0.745	0.072	23	10.173	0.85	23	3.939	0.628	23	0.156	0.184	23	9.671	1.109	21	9.867	1.03	22	0.342	0.476	23	0.832	0.06	18	15.687	1.82	23	nan	nan	1	10.333	1.795	6	2.329	0.033	15	8.111	0.045	15	nan	nan	0
Å17	SKEX18	7	125.0	7.133	0.333	23	35.17	0.09	23	5.989	0.17	23	89.014	2.55	23	nan	nan	0	0.767	0.07	23	10.535	0.9	23	4.165	0.53	23	0.101	0.176	23	10.029	1.109	17	10.247	1.026	22	0.327	0.534	23	0.858	0.075	18	15.878	1.457	23	nan	nan	0	10.333	1.795	6	2.331	0.026	15	8.106	0.047	15	nan	nan	0
Å17	SKEX18	7	150.0	7.223	0.274	23	35.205	0.085	23	5.969	0.172	23	88.736	2.724	23	nan	nan	0	0.785	0.066	23	10.835	0.892	23	4.287	0.629	23	0.119	0.213	23	10.306	1.12	14	10.586	0.976	22	0.302	0.455	22	0.867	0.119	18	16.113	1.489	23	nan	nan	0	10.333	1.795	6	2.334	0.03	15	8.104	0.045	15	nan	nan	0
Å17	SKEX18	7	200.0	7.228	0.354	23	35.227	0.077	23	5.98	0.156	23	89.055	2.286	23	nan	nan	0	0.811	0.067	23	11.153	0.778	23	4.574	0.588	23	0.117	0.193	23	10.779	0.675	14	10.985	0.709	22	0.194	0.13	23	0.872	0.12	17	16.543	1.951	23	nan	nan	0	10.333	1.795	6	2.33	0.025	15	8.104	0.044	15	nan	nan	0
Å17	SKEX18	7	300.0	6.953	0.432	22	35.218	0.092	22	6.007	0.127	21	88.894	1.667	21	nan	nan	0	0.851	0.066	22	11.077	0.732	22	5.586	0.742	22	0.071	0.121	22	10.819	0.611	19	10.955	0.692	21	0.179	0.121	22	0.931	0.112	17	16.364	1.585	22	nan	nan	0	10.333	1.795	6	2.332	0.029	15	8.104	0.045	15	nan	nan	0
Å17	SKEX18	8	0.0	17.562	1.626	24	30.065	2.242	24	5.81	0.266	22	104.031	2.946	22	nan	nan	0	0.048	0.028	24	0.232	0.169	24	0.57	0.48	23	0.021	0.006	24	0.1	0.0	5	0.1	0.0	23	0.189	0.144	24	0.369	0.14	23	11.487	2.09	23	0.892	0.711	24	8.75	1.09	4	2.191	0.037	14	8.229	0.073	15	nan	nan	0
Å17	SKEX18	8	5.0	17.3	1.792	24	30.585	1.594	24	5.83	0.381	23	104.4	4.519	23	nan	nan	0	0.042	0.026	24	0.201	0.113	24	0.574	0.448	23	0.025	0.012	24	0.1	0.0	6	0.103	0.008	23	0.158	0.09	24	0.378	0.141	24	10.8	1.332	24	0.904	0.745	24	8.75	1.09	4	2.194	0.041	13	8.229	0.074	15	nan	nan	0
Å17	SKEX18	8	10.0	16.833	1.914	24	31.625	1.561	24	5.989	0.542	23	105.974	6.39	23	nan	nan	0	0.038	0.025	24	0.196	0.107	24	0.53	0.525	23	0.023	0.009	24	0.1	0.0	5	0.101	0.006	23	0.163	0.08	24	0.351	0.123	24	10.475	1.62	24	0.946	0.587	24	8.75	1.09	4	2.235	0.037	14	8.228	0.076	15	nan	nan	0
Å17	SKEX18	8	15.0	14.809	2.337	24	33.192	1.066	24	6.261	0.682	23	107.102	7.6	23	nan	nan	0	0.041	0.034	24	0.217	0.137	24	0.57	0.627	23	0.035	0.056	24	0.152	0.104	5	0.124	0.114	23	0.151	0.082	24	0.337	0.109	24	9.329	1.462	24	1.162	0.591	24	8.75	1.09	4	2.272	0.027	14	8.217	0.053	14	nan	nan	0
Å17	SKEX18	8	20.0	12.325	2.678	24	34.255	0.663	24	6.551	0.693	21	107.66	8.231	21	nan	nan	0	0.051	0.046	23	0.255	0.248	23	0.727	0.848	22	0.049	0.118	23	0.26	0.277	4	0.154	0.253	23	0.149	0.075	23	0.357	0.087	23	8.617	1.539	23	1.552	0.832	23	8.75	1.09	4	2.298	0.016	14	8.202	0.054	15	nan	nan	0
Å17	SKEX18	8	30.0	9.786	2.251	24	34.811	0.258	24	6.176	0.591	23	97.003	8.573	23	nan	nan	0	0.15	0.139	24	1.255	1.987	24	1.239	0.804	23	0.062	0.048	24	1.536	2.213	16	1.138	1.985	23	0.218	0.23	24	0.428	0.144	24	8.983	2.054	24	1.305	0.619	19	8.75	1.09	4	2.313	0.007	14	8.179	0.05	15	nan	nan	0
Å17	SKEX18	8	40.0	8.668	1.493	24	34.984	0.204	24	5.995	0.5	23	92.15	6.859	23	nan	nan	0	0.346	0.197	24	3.972	3.247	24	2.039	0.991	23	0.076	0.05	24	3.36	3.144	23	3.88	3.345	23	0.269	0.27	24	0.55	0.146	23	10.692	3.052	24	0.626	0.37	19	8.75	1.09	4	2.319	0.008	14	8.139	0.056	13	nan	nan	0
Å17	SKEX18	8	50.0	8.171	0.917	24	35.065	0.122	24	5.9	0.265	23	89.658	4.138	23	nan	nan	0	0.516	0.178	24	6.552	3.108	24	2.587	1.077	23	0.058	0.053	24	6.25	3.247	21	6.671	2.93	23	0.2	0.163	24	0.647	0.15	22	12.483	2.713	24	0.372	0.357	18	8.75	1.09	4	2.318	0.012	14	8.128	0.06	15	nan	nan	0
Å17	SKEX18	8	75.0	7.669	0.468	24	35.154	0.088	24	5.84	0.2	23	87.921	2.82	23	nan	nan	0	0.687	0.091	24	9.624	1.67	24	3.483	0.705	23	0.12	0.14	23	9.062	2.149	19	9.561	1.496	23	0.35	0.454	24	0.785	0.095	23	15.096	1.831	24	nan	nan	0	8.75	1.09	4	2.319	0.01	14	8.101	0.048	15	nan	nan	0
Å17	SKEX18	8	100.0	7.403	0.467	24	35.144	0.072	24	5.773	0.197	23	86.299	2.719	23	nan	nan	0	0.739	0.063	24	10.275	0.905	24	3.965	0.485	23	0.106	0.161	24	9.892	1.148	18	10.23	0.843	23	0.195	0.162	24	0.837	0.131	21	15.775	1.555	24	nan	nan	0	8.75	1.09	4	2.322	0.012	14	8.091	0.043	15	nan	nan	0
Å17	SKEX18	8	125.0	7.386	0.485	24	35.174	0.066	24	5.759	0.19	23	86.113	2.581	23	nan	nan	0	0.767	0.053	24	10.66	0.875	24	4.165	0.616	23	0.038	0.032	24	10.435	0.948	15	10.55	0.867	23	0.155	0.066	24	0.857	0.102	21	16.071	1.637	24	nan	nan	0	8.75	1.09	4	2.322	0.009	13	8.095	0.043	15	nan	nan	0
Å17	SKEX18	8	150.0	7.379	0.511	24	35.199	0.064	24	5.761	0.169	23	85.991	2.007	23	nan	nan	0	0.801	0.04	24	11.18	0.705	24	4.452	0.437	23	0.035	0.027	24	11.07	0.79	16	11.095	0.706	23	0.142	0.059	24	0.894	0.104	20	16.704	1.381	24	nan	nan	0	8.75	1.09	4	2.319	0.009	13	8.091	0.041	15	nan	nan	0
Å17	SKEX18	8	200.0	7.342	0.46	24	35.193	0.102	24	5.76	0.172	23	85.879	2.302	23	nan	nan	0	0.84	0.046	23	11.643	0.817	23	4.817	0.738	23	0.029	0.017	24	11.34	0.966	10	11.54	0.809	23	0.155	0.085	23	0.901	0.109	22	16.429	2.184	24	nan	nan	0	8.75	1.09	4	2.319	0.006	13	8.085	0.045	15	nan	nan	0
Å17	SKEX18	8	300.0	6.969	0.49	24	35.207	0.059	24	5.85	0.162	22	86.621	1.985	22	nan	nan	0	0.887	0.063	23	11.584	0.769	23	5.922	0.811	23	0.038	0.019	23	11.502	0.585	19	11.504	0.768	22	0.144	0.063	23	0.961	0.108	19	16.926	1.51	23	nan	nan	0	8.75	1.09	4	2.328	0.023	13	8.089	0.037	14	nan	nan	0
Å17	SKEX18	9	0.0	15.459	1.207	21	31.891	1.697	21	5.852	0.167	21	101.812	2.428	21	nan	nan	0	0.06	0.048	21	0.196	0.147	21	1.119	0.744	21	0.023	0.008	21	0.1	0.0	5	0.102	0.007	20	0.172	0.116	21	0.396	0.11	21	10.919	1.598	21	0.852	0.467	21	nan	nan	1	2.26	0.056	14	8.195	0.039	14	nan	nan	0
Å17	SKEX18	9	5.0	15.514	1.193	21	32.321	1.186	21	5.837	0.164	21	101.979	1.946	21	nan	nan	0	0.053	0.036	21	0.197	0.151	21	0.948	0.299	21	0.021	0.003	21	0.1	0.0	5	0.101	0.004	20	0.171	0.124	21	0.392	0.112	21	10.901	1.449	21	0.905	0.473	21	nan	nan	1	2.27	0.041	15	8.194	0.038	14	nan	nan	0
Å17	SKEX18	9	10.0	15.478	1.149	21	32.611	1.158	21	5.786	0.2	21	101.151	2.518	21	nan	nan	0	0.053	0.033	21	0.192	0.138	21	0.986	0.414	21	0.023	0.006	21	0.106	0.008	5	0.105	0.012	20	0.168	0.107	21	0.369	0.089	21	10.188	1.034	21	0.967	0.457	21	nan	nan	1	2.277	0.036	14	8.186	0.042	14	nan	nan	0
Å17	SKEX18	9	15.0	15.378	1.125	21	33.179	0.747	21	5.724	0.267	21	100.199	3.975	21	nan	nan	0	0.062	0.048	21	0.264	0.18	21	1.105	0.593	21	0.029	0.028	21	0.15	0.1	5	0.122	0.087	20	0.2	0.112	21	0.361	0.083	21	10.002	1.776	21	1.129	0.556	21	nan	nan	1	2.29	0.034	15	8.175	0.047	14	nan	nan	0
Å17	SKEX18	9	20.0	14.781	1.303	21	33.839	0.709	21	5.652	0.407	21	98.063	6.341	21	nan	nan	0	0.083	0.071	21	0.521	0.641	21	1.49	1.006	20	0.07	0.092	21	0.211	0.144	12	0.219	0.221	20	0.397	0.484	20	0.366	0.099	21	9.107	1.685	21	1.086	0.661	21	nan	nan	1	2.295	0.031	13	8.157	0.049	14	nan	nan	0
Å17	SKEX18	9	30.0	12.22	2.522	21	34.562	0.549	21	5.78	0.526	20	95.755	6.716	20	nan	nan	0	0.138	0.119	21	1.264	1.38	20	1.414	0.967	21	0.113	0.111	21	0.994	1.563	15	0.87	1.484	20	0.418	0.334	21	0.381	0.12	21	8.81	1.885	21	0.618	0.342	17	nan	nan	1	2.31	0.017	15	8.135	0.057	13	nan	nan	0
Å17	SKEX18	9	40.0	10.596	2.776	21	34.841	0.351	21	5.637	0.366	21	90.094	5.372	21	nan	nan	0	0.269	0.155	21	2.649	2.014	21	1.838	0.916	21	0.127	0.126	21	2.414	2.208	16	2.426	2.21	20	0.358	0.362	21	0.464	0.118	21	9.845	1.743	21	0.441	0.377	17	nan	nan	1	2.313	0.008	14	8.111	0.055	14	nan	nan	0
Å17	SKEX18	9	50.0	9.708	2.449	21	35.002	0.178	21	5.681	0.301	20	89.427	5.386	20	nan	nan	0	0.399	0.201	20	4.895	3.045	20	2.165	0.861	20	0.085	0.081	20	4.689	3.056	15	4.681	3.236	19	0.282	0.292	20	0.577	0.129	20	11.804	2.332	20	0.3	0.232	16	nan	nan	1	2.315	0.008	13	8.107	0.055	13	nan	nan	0
Å17	SKEX18	9	75.0	8.258	1.042	21	35.1	0.133	21	5.665	0.256	21	86.452	3.58	21	nan	nan	0	0.631	0.145	21	8.461	2.967	21	3.29	0.671	21	0.09	0.163	21	7.706	3.258	14	8.089	3.355	20	0.368	0.46	21	0.764	0.118	20	14.435	2.64	21	nan	nan	0	nan	nan	1	2.318	0.009	14	8.08	0.048	14	nan	nan	0
Å17	SKEX18	9	100.0	7.669	0.479	21	35.142	0.079	21	5.609	0.299	21	84.418	4.481	21	nan	nan	0	0.738	0.06	21	9.964	1.59	21	3.91	0.618	21	0.208	0.312	21	8.991	2.845	15	9.416	2.278	20	0.532	0.73	21	0.84	0.1	20	15.818	2.103	21	nan	nan	0	nan	nan	1	2.321	0.008	15	8.074	0.051	14	nan	nan	0
Å17	SKEX18	9	125.0	7.605	0.493	21	35.159	0.066	21	5.597	0.321	20	83.934	4.536	20	nan	nan	0	0.777	0.056	21	10.66	1.338	21	4.205	0.578	21	0.205	0.279	21	9.558	2.439	14	10.191	2.003	20	0.457	0.726	21	0.867	0.113	20	16.273	1.529	20	nan	nan	0	nan	nan	1	2.323	0.012	13	8.069	0.046	14	nan	nan	0
Å17	SKEX18	9	150.0	7.508	0.445	21	35.18	0.05	21	5.644	0.247	20	84.557	3.558	20	nan	nan	0	0.805	0.047	21	11.003	1.154	21	4.39	0.547	21	0.135	0.196	21	10.364	1.917	16	10.686	1.731	20	0.339	0.629	21	0.932	0.124	20	17.119	1.273	21	nan	nan	0	nan	nan	1	2.32	0.012	14	8.066	0.046	14	nan	nan	0
Å17	SKEX18	9	200.0	7.424	0.432	21	35.202	0.059	21	5.641	0.204	21	84.311	2.891	21	nan	nan	0	0.839	0.046	21	11.549	0.964	21	4.819	0.587	21	0.081	0.165	21	11.322	1.15	13	11.502	0.977	20	0.148	0.081	21	0.927	0.096	21	17.13	1.299	21	nan	nan	0	nan	nan	1	2.322	0.008	14	8.066	0.046	14	nan	nan	0
Å17	SKEX18	9	300.0	6.967	0.451	21	35.199	0.05	21	5.791	0.185	21	85.666	2.293	21	nan	nan	0	0.916	0.063	21	11.753	0.849	21	6.152	0.904	21	0.073	0.052	21	11.763	0.777	18	11.599	0.746	20	0.15	0.068	21	0.974	0.119	20	17.134	1.059	21	nan	nan	0	nan	nan	1	2.322	0.011	14	8.059	0.038	14	nan	nan	0
Å17	SKEX18	10	0.0	12.774	1.03	20	30.405	3.417	20	6.068	0.251	20	99.006	1.944	20	nan	nan	0	0.139	0.072	20	0.564	0.505	19	2.05	1.261	20	0.115	0.098	20	0.193	0.118	16	0.279	0.195	19	0.331	0.324	20	0.518	0.117	20	12.21	2.829	20	2.115	1.063	20	nan	nan	2	2.213	0.102	14	8.185	0.036	13	nan	nan	0
Å17	SKEX18	10	5.0	12.825	0.996	20	30.884	2.698	20	6.029	0.235	18	98.661	1.9	18	nan	nan	0	0.137	0.068	19	0.493	0.388	19	1.979	1.247	19	0.122	0.108	19	0.181	0.177	16	0.268	0.249	18	0.292	0.162	19	0.496	0.112	19	11.453	1.678	19	2.047	0.865	19	nan	nan	2	2.234	0.085	13	8.18	0.035	13	nan	nan	0
Å17	SKEX18	10	10.0	12.986	0.957	20	31.851	1.676	20	5.892	0.253	19	97.57	2.759	19	nan	nan	0	0.144	0.078	19	0.639	0.559	19	1.853	0.966	19	0.134	0.138	19	0.227	0.315	17	0.327	0.42	18	0.372	0.286	19	0.498	0.117	19	11.284	2.144	19	1.837	1.021	19	nan	nan	2	2.253	0.055	12	8.176	0.035	12	nan	nan	0
Å17	SKEX18	10	15.0	13.122	1.118	20	32.628	1.378	20	5.784	0.289	19	96.363	3.524	19	nan	nan	0	0.162	0.112	19	1.082	1.511	19	1.821	0.66	19	0.129	0.117	19	0.659	1.59	16	0.698	1.523	18	0.442	0.341	19	0.502	0.181	19	11.663	4.886	19	1.232	0.88	19	nan	nan	2	2.282	0.028	13	8.174	0.039	12	nan	nan	0
Å17	SKEX18	10	20.0	13.375	1.271	20	33.128	0.986	20	5.732	0.328	19	96.401	3.65	19	nan	nan	0	0.15	0.074	19	0.9	0.704	19	1.774	0.631	19	0.164	0.175	19	0.379	0.538	16	0.488	0.668	18	0.455	0.361	19	0.47	0.116	19	9.953	1.217	19	1.226	0.95	19	nan	nan	2	2.293	0.031	13	8.162	0.045	13	nan	nan	0
Å17	SKEX18	10	30.0	13.28	1.646	20	33.959	0.69	20	5.541	0.405	19	93.537	6.264	19	nan	nan	0	0.195	0.095	19	1.577	0.964	19	2.042	0.966	19	0.252	0.235	19	0.818	1.003	18	1.04	1.105	18	0.587	0.492	19	0.469	0.125	19	9.589	1.583	19	0.656	0.695	16	nan	nan	2	2.313	0.019	13	8.142	0.048	13	nan	nan	0
Å17	SKEX18	10	40.0	12.747	2.031	20	34.232	0.57	20	5.521	0.313	19	92.098	5.187	19	nan	nan	0	0.245	0.14	19	2.285	1.719	19	2.142	0.923	19	0.25	0.185	19	1.356	1.574	17	1.849	1.925	18	0.532	0.47	19	0.496	0.138	19	9.895	1.856	19	0.538	0.765	16	nan	nan	2	2.313	0.015	13	8.131	0.051	13	nan	nan	0
Å17	SKEX18	10	50.0	12.032	2.284	20	34.553	0.493	20	5.467	0.24	18	89.776	4.896	18	nan	nan	0	0.334	0.197	19	3.583	2.997	19	2.563	0.886	19	0.223	0.212	18	2.631	3.02	18	3.303	3.303	18	0.448	0.422	18	0.543	0.172	19	10.274	1.838	19	0.35	0.515	16	nan	nan	2	2.316	0.011	13	8.111	0.045	13	nan	nan	0
Å17	SKEX18	10	75.0	9.138	1.28	20	35.007	0.192	20	5.307	0.342	19	82.209	5.126	19	nan	nan	0	0.562	0.202	19	7.011	3.279	19	3.453	0.942	19	0.13	0.17	19	5.516	3.631	15	6.819	3.716	18	0.443	0.605	19	0.694	0.187	19	12.963	2.526	19	nan	nan	0	nan	nan	2	2.319	0.009	12	8.069	0.051	13	nan	nan	0
Å17	SKEX18	10	100.0	8.121	0.475	20	35.119	0.117	20	5.377	0.229	18	81.736	3.612	18	nan	nan	0	0.714	0.123	18	9.501	2.217	18	4.006	0.822	18	0.089	0.147	18	8.288	3.038	12	9.172	2.805	17	0.401	0.612	18	0.851	0.154	17	15.029	2.289	17	nan	nan	0	nan	nan	2	2.321	0.01	12	8.054	0.055	13	nan	nan	0
Å17	SKEX18	10	125.0	7.794	0.323	20	35.156	0.082	20	5.449	0.211	16	82.198	2.879	16	nan	nan	0	0.781	0.077	18	10.609	1.382	18	4.256	0.608	18	0.066	0.159	18	10.311	1.363	11	10.532	1.428	17	0.157	0.079	18	0.897	0.126	18	15.744	1.826	18	nan	nan	0	nan	nan	2	2.321	0.008	12	8.054	0.049	13	nan	nan	0
Å17	SKEX18	10	150.0	7.707	0.334	20	35.174	0.079	20	5.513	0.194	16	83.056	2.712	16	nan	nan	0	0.806	0.062	17	11.107	1.228	17	4.418	0.609	17	0.055	0.117	17	10.623	1.274	12	11.065	1.254	16	0.147	0.071	17	0.939	0.117	17	16.453	1.811	17	nan	nan	0	nan	nan	2	2.328	0.013	12	8.061	0.041	13	nan	nan	0
Å17	SKEX18	10	200.0	7.647	0.354	20	35.206	0.072	20	5.519	0.172	17	83.014	2.211	17	nan	nan	0	0.858	0.045	18	11.869	0.847	18	5.029	0.571	17	0.032	0.03	18	11.55	1.041	9	11.783	0.831	17	0.154	0.074	18	0.952	0.114	17	16.728	1.192	18	nan	nan	0	nan	nan	2	2.327	0.013	13	8.058	0.039	13	nan	nan	0
Å17	SKEX18	10	300.0	7.16	0.449	20	35.205	0.063	20	5.669	0.219	17	84.316	2.651	17	nan	nan	0	0.898	0.053	18	11.865	0.734	18	5.844	0.953	18	0.051	0.026	18	11.588	0.661	14	11.75	0.683	17	0.153	0.067	18	0.968	0.133	16	16.706	1.466	18	nan	nan	0	nan	nan	2	2.331	0.021	13	8.057	0.04	13	nan	nan	0
Å17	SKEX18	11	0.0	10.115	1.254	21	32.269	1.936	21	6.326	0.251	21	98.457	1.738	21	nan	nan	0	0.228	0.104	20	1.723	0.899	21	2.152	1.627	21	0.455	0.354	21	1.103	0.666	21	1.552	0.88	20	0.26	0.211	18	0.507	0.138	21	11.053	1.9	19	1.467	0.559	21	nan	nan	0	2.256	0.055	16	8.167	0.038	16	nan	nan	0
Å17	SKEX18	11	5.0	10.152	1.255	21	32.304	1.858	21	6.349	0.208	20	98.746	1.486	20	nan	nan	0	0.228	0.104	20	1.747	0.871	21	2.133	1.527	21	0.455	0.352	21	1.099	0.663	21	1.551	0.866	20	0.273	0.221	18	0.525	0.149	21	11.59	2.927	21	1.467	0.608	21	nan	nan	0	2.261	0.052	16	8.166	0.039	16	nan	nan	0
Å17	SKEX18	11	10.0	10.251	1.229	21	32.635	1.101	21	6.33	0.25	20	99.028	2.124	20	nan	nan	0	0.225	0.099	19	1.765	0.923	20	2.02	1.096	20	0.472	0.35	20	1.097	0.683	20	1.564	0.878	20	0.286	0.221	17	0.507	0.129	20	10.995	1.733	20	1.419	0.516	21	nan	nan	0	2.266	0.038	15	8.173	0.042	15	nan	nan	0
Å17	SKEX18	11	15.0	10.4	1.29	21	32.967	0.935	21	6.246	0.221	21	98.348	1.321	21	nan	nan	0	0.227	0.094	20	1.808	0.833	21	1.91	0.826	21	0.488	0.351	21	1.134	0.624	21	1.618	0.832	20	0.283	0.211	18	0.505	0.133	21	10.638	1.829	21	1.195	0.496	21	nan	nan	0	2.276	0.034	16	8.163	0.042	16	nan	nan	0
Å17	SKEX18	11	20.0	10.802	1.347	21	33.433	0.764	21	6.113	0.233	21	97.47	1.52	21	nan	nan	0	0.233	0.095	20	2.063	0.981	21	1.924	0.801	21	0.494	0.368	21	1.37	0.909	21	1.875	1.032	20	0.299	0.278	18	0.473	0.132	20	10.195	1.324	21	0.819	0.471	21	nan	nan	0	2.289	0.025	16	8.158	0.043	16	nan	nan	0
Å17	SKEX18	11	30.0	11.232	1.076	21	34.269	0.405	21	5.842	0.236	20	94.368	3.414	20	nan	nan	0	0.275	0.095	19	2.62	0.952	20	1.955	0.698	20	0.369	0.361	20	1.955	1.074	19	2.443	1.065	19	0.273	0.28	17	0.477	0.134	20	9.62	1.414	20	0.35	0.298	16	nan	nan	0	2.303	0.02	15	8.143	0.042	15	nan	nan	0
Å17	SKEX18	11	40.0	11.0	1.276	20	34.62	0.327	21	5.727	0.3	21	91.995	5.327	20	nan	nan	0	0.353	0.133	20	3.522	1.928	21	2.286	0.888	21	0.289	0.312	21	2.64	1.904	19	3.29	2.103	20	0.295	0.273	18	0.548	0.161	21	10.2	1.292	21	0.271	0.244	17	nan	nan	0	2.311	0.021	16	8.126	0.049	16	nan	nan	0
Å17	SKEX18	11	50.0	10.369	1.343	21	34.822	0.252	21	5.584	0.29	21	89.061	5.832	21	nan	nan	0	0.452	0.142	20	4.937	2.388	21	2.757	0.83	21	0.236	0.319	21	3.895	2.572	17	4.742	2.545	20	0.233	0.222	18	0.617	0.165	21	11.367	1.65	21	0.25	0.209	16	nan	nan	0	2.314	0.013	16	8.097	0.04	14	nan	nan	0
Å17	SKEX18	11	75.0	9.46	1.243	21	35.046	0.241	21	5.519	0.282	21	86.281	5.503	21	nan	nan	0	0.659	0.159	20	8.153	3.349	21	3.638	0.774	21	0.129	0.192	21	6.632	3.768	14	7.997	3.528	20	0.207	0.176	18	0.753	0.189	20	13.862	2.458	21	nan	nan	0	nan	nan	0	2.316	0.011	16	8.084	0.05	16	nan	nan	0
Å17	SKEX18	11	100.0	8.702	0.9	21	35.105	0.139	21	5.339	0.24	21	82.153	4.358	21	nan	nan	0	0.756	0.105	20	9.522	2.334	21	4.252	0.561	21	0.077	0.112	21	8.684	2.664	14	9.448	2.383	20	0.141	0.061	18	0.852	0.169	20	15.071	2.147	21	nan	nan	0	nan	nan	0	2.315	0.007	16	8.063	0.051	16	nan	nan	0
Å17	SKEX18	11	125.0	8.203	0.485	21	35.152	0.108	21	5.334	0.214	20	81.119	3.252	20	nan	nan	0	0.799	0.089	19	10.668	1.507	20	4.61	0.39	20	0.038	0.031	20	10.313	1.705	13	10.562	1.533	19	0.132	0.061	17	0.895	0.148	18	15.95	1.792	20	nan	nan	0	nan	nan	0	2.319	0.009	15	8.054	0.043	15	nan	nan	0
Å17	SKEX18	11	150.0	7.932	0.384	21	35.172	0.097	21	5.396	0.203	21	81.694	2.908	21	nan	nan	0	0.825	0.063	20	11.158	1.001	21	4.733	0.402	21	0.033	0.024	21	10.861	1.05	13	11.029	0.958	20	0.142	0.07	18	0.961	0.132	18	16.329	1.479	21	nan	nan	0	nan	nan	0	2.321	0.006	15	8.056	0.043	16	nan	nan	0
Å17	SKEX18	11	200.0	7.775	0.414	21	35.199	0.083	21	5.48	0.184	20	82.631	2.371	20	nan	nan	0	0.863	0.056	19	11.743	0.813	20	5.07	0.51	20	0.036	0.031	20	11.595	0.872	12	11.642	0.831	19	0.151	0.091	17	0.974	0.128	18	17.185	1.051	20	nan	nan	0	nan	nan	0	2.32	0.015	15	8.06	0.043	15	nan	nan	0
Å17	SKEX18	11	300.0	7.206	0.614	21	35.192	0.057	21	5.632	0.21	21	83.818	2.131	21	nan	nan	0	0.927	0.054	20	11.788	0.823	21	6.4	1.16	21	0.074	0.049	21	11.671	0.789	21	11.668	0.745	20	0.131	0.064	18	1.023	0.104	18	16.981	1.417	21	nan	nan	0	nan	nan	0	2.325	0.013	16	8.058	0.044	16	nan	nan	0
Å17	SKEX18	12	0.0	7.425	1.891	22	31.28	3.155	22	6.789	0.41	21	98.312	1.545	21	nan	nan	0	0.424	0.09	22	4.021	0.935	22	4.286	2.02	21	0.249	0.195	22	3.492	0.801	22	3.778	0.83	21	0.37	0.358	20	0.654	0.182	19	13.695	2.599	19	0.905	0.453	22	nan	nan	1	2.258	0.038	15	8.143	0.028	16	nan	nan	1
Å17	SKEX18	12	5.0	7.725	1.38	22	31.672	2.989	22	6.707	0.348	22	98.837	1.453	22	nan	nan	0	0.438	0.094	22	4.099	0.848	22	4.173	2.034	22	0.287	0.302	22	3.519	0.713	22	3.83	0.734	21	0.366	0.398	21	0.65	0.207	20	12.99	2.834	20	0.877	0.461	22	nan	nan	1	2.275	0.035	14	8.141	0.027	15	nan	nan	1
Å17	SKEX18	12	10.0	8.317	1.096	22	32.683	2.111	22	6.514	0.248	22	98.05	1.563	22	nan	nan	0	0.426	0.088	22	3.976	0.652	22	3.759	1.772	22	0.315	0.405	22	3.403	0.548	22	3.753	0.464	21	0.333	0.417	21	0.669	0.16	18	12.05	1.788	20	0.609	0.156	22	nan	nan	1	2.281	0.032	15	8.138	0.028	16	nan	nan	1
Å17	SKEX18	12	15.0	8.61	1.04	22	33.355	0.934	22	6.439	0.234	21	97.81	2.356	21	nan	nan	0	0.426	0.086	22	3.993	0.719	22	3.591	1.484	22	0.322	0.438	22	3.467	0.569	22	3.824	0.503	21	0.292	0.367	21	0.653	0.148	19	11.955	1.701	20	0.545	0.147	22	nan	nan	1	2.293	0.028	15	8.138	0.027	15	nan	nan	1
Å17	SKEX18	12	20.0	8.777	1.143	22	33.646	0.657	22	6.4	0.239	22	97.619	2.202	22	nan	nan	0	0.434	0.089	22	4.036	0.879	22	3.541	1.405	22	0.326	0.456	22	3.493	0.772	21	3.873	0.643	21	0.306	0.412	20	0.62	0.147	19	11.82	2.218	20	0.459	0.161	22	nan	nan	1	2.299	0.024	15	8.139	0.029	15	nan	nan	1
Å17	SKEX18	12	30.0	8.974	1.156	22	33.994	0.546	22	6.329	0.244	22	97.131	2.473	22	nan	nan	0	0.445	0.094	22	4.198	0.995	22	3.455	1.331	22	0.36	0.477	22	3.451	0.935	21	3.94	0.782	21	0.409	0.506	21	0.599	0.139	20	11.505	1.714	20	0.356	0.134	18	nan	nan	1	2.305	0.02	14	8.135	0.028	15	nan	nan	1
Å17	SKEX18	12	40.0	9.186	1.186	22	34.269	0.557	22	6.313	0.268	20	97.474	2.517	20	nan	nan	0	0.445	0.077	21	4.331	1.049	21	3.314	1.26	21	0.355	0.497	21	3.422	1.083	18	4.086	0.972	20	0.4	0.485	20	0.604	0.129	20	11.345	1.599	20	0.294	0.166	17	nan	nan	1	2.305	0.019	12	8.131	0.031	14	nan	nan	1
Å17	SKEX18	12	50.0	9.328	1.056	22	34.505	0.528	22	6.214	0.252	21	96.469	2.353	21	nan	nan	0	0.464	0.061	22	4.756	1.16	22	3.2	1.001	22	0.408	0.579	21	3.788	1.465	18	4.563	1.257	21	0.29	0.271	21	0.653	0.109	18	11.43	1.471	20	0.294	0.139	18	nan	nan	1	2.309	0.02	14	8.124	0.033	15	nan	nan	1
Å17	SKEX18	12	75.0	9.406	0.679	22	34.824	0.241	22	6.055	0.309	22	94.517	4.872	22	nan	nan	0	0.497	0.091	22	5.613	1.841	22	3.105	0.926	22	0.255	0.508	22	4.886	2.127	19	5.455	1.924	21	0.224	0.152	21	0.642	0.119	17	11.4	1.308	20	nan	nan	0	nan	nan	1	2.314	0.01	13	8.117	0.035	15	nan	nan	1
Å17	SKEX18	12	100.0	9.132	0.704	22	34.968	0.22	22	5.909	0.394	22	91.708	6.441	22	nan	nan	0	0.57	0.121	22	6.931	2.306	22	3.491	1.008	22	0.229	0.551	22	5.723	2.566	16	6.841	2.413	21	0.206	0.137	21	0.72	0.12	17	12.975	1.912	20	nan	nan	0	nan	nan	1	2.314	0.013	15	8.105	0.035	15	nan	nan	1
Å17	SKEX18	12	125.0	8.821	0.564	22	35.056	0.168	22	5.783	0.395	22	89.238	6.374	22	nan	nan	0	0.644	0.136	22	8.289	2.29	22	3.827	0.879	22	0.088	0.174	22	6.483	1.552	12	8.283	2.317	21	0.154	0.072	21	0.774	0.138	18	14.35	2.732	20	nan	nan	0	nan	nan	1	2.316	0.013	14	8.091	0.03	15	nan	nan	1
Å17	SKEX18	12	150.0	8.554	0.657	22	35.122	0.135	22	5.687	0.398	21	87.221	6.684	21	nan	nan	0	0.735	0.151	22	9.875	2.444	22	4.414	1.014	22	0.047	0.077	22	9.033	2.582	12	9.653	2.381	21	0.177	0.11	21	0.854	0.143	17	14.915	2.704	20	nan	nan	0	nan	nan	1	2.318	0.009	15	8.077	0.026	15	nan	nan	1
Å17	SKEX18	12	200.0	8.153	0.632	22	35.17	0.103	22	5.592	0.371	22	85.017	6.009	22	nan	nan	0	0.815	0.128	21	11.009	2.18	21	4.976	0.92	21	0.042	0.055	21	10.4	2.421	12	10.943	2.15	21	0.16	0.075	20	0.945	0.129	18	16.145	2.624	20	nan	nan	0	nan	nan	1	2.323	0.012	14	8.067	0.035	15	nan	nan	1
Å17	SKEX18	12	300.0	7.356	0.558	22	35.196	0.067	22	5.621	0.193	21	83.987	2.538	21	nan	nan	0	0.907	0.06	21	11.836	0.954	21	6.267	0.931	21	0.061	0.035	21	11.631	0.95	19	11.762	0.931	21	0.163	0.062	19	1.018	0.127	17	17.284	2.152	19	nan	nan	0	nan	nan	1	2.322	0.008	13	8.058	0.029	15	nan	nan	1
